titre_lien,lien
Sans titre,https://www.marmiton.org/
Mes recettes,https://www.marmiton.org/espace-perso/mon-carnet-de-recettes.aspx
Paramètres de compte,https://www.marmiton.org/my-profile/edit
Sans titre,https://www.kiosquemag.com/titres/marmiton/offres
Entrées,https://www.marmiton.org/recettes/index/categorie/entree/
Plats,https://www.marmiton.org/recettes/index/categorie/plat-principal/
Desserts,https://www.marmiton.org/recettes/index/categorie/dessert/
Boissons,https://www.marmiton.org/recettes/index/categorie/boissons/
Brunch & Petit Déj,https://www.marmiton.org/dossier-petit-dejeuner-et-brunch
Au menu ce soir avec Cookeo de,https://www.marmiton.org/dossier-au-menu-ce-soir-avec-cookeo
Recettes rapides et faciles,https://www.marmiton.org/cuisine-rapide/rapide-tp123527.html
Recettes anti-gaspi,https://www.marmiton.org/mieux-manger/anti-gaspi-ssc31.html
L’excellence italienne au quotidien avec,https://www.marmiton.org/recettes/recette-meme-auteur.aspx?pseudo=recettesriso-gallo
Nouvelles Recettes,https://www.marmiton.org/recettes/nouveautes.aspx
Top des recettes,https://www.marmiton.org/recettes/top-internautes.aspx
Proposer une recette,https://www.marmiton.org/reloaded/users/login?destUrl=/recettes/proposer
Recettes Healthy,https://www.marmiton.org/recettes/selection_mincealors.aspx
Recettes Végétariennes,https://www.marmiton.org/recettes/selection_vegetarien.aspx
Recettes Vegan,https://www.marmiton.org/recettes/selection_recette_vegan.aspx
Recettes Sans Gluten,https://www.marmiton.org/recettes/selection_sans_gluten.aspx
Noël,https://www.marmiton.org/dossier-noel/
Chandeleur,https://www.marmiton.org/dossier-chandeleur
Pâques,https://www.marmiton.org/dossier-paques
Saint-Valentin,https://www.marmiton.org/dossier-saint-valentin
Halloween,https://www.marmiton.org/halloween/halloween-tp123693.html
Ramadan,https://www.marmiton.org/dossier-ramadan
Univers Electroménager,https://www.marmiton.org/tout-sur-electromenagers-sc34.html
Gros Electroménager,https://www.marmiton.org/tout-sur-electromenagers/gros-electromenager-ssc84.html
Petit Electroménager,https://www.marmiton.org/tout-sur-electromenagers/petit-electromenager-ssc79.html
Cuisine du Monde,https://www.marmiton.org/cuisine-du-monde-sc7.html
Recettes Italiennes,https://www.marmiton.org/dossier-viva-italia
Recettes Japonaises,https://www.marmiton.org/recettes/selection_recette_japonaise.aspx
Recettes Indiennes,https://www.marmiton.org/recettes/selection_indienne.aspx
Recettes Grecque,https://www.marmiton.org/recettes/selection_recettes_grecques.aspx
Cuisine Française,https://www.marmiton.org/cuisine-francaise-sc13.html
Recettes Libanaises,https://www.marmiton.org/recettes/selection_cuisine_libanaise.aspx
Conseils & Astuces,https://www.marmiton.org/trucs-et-astuces/astuces-de-cuisine-tp133284.html
Mieux manger,https://www.marmiton.org/mieux-cuisiner/mieux-manger-tp125264.html
Mieux Acheter,https://www.marmiton.org/mieux-acheter/shopping-ssc20.html
Actus Food,https://www.marmiton.org/cuisine-rapide/actus-food-tp123982.html
Regardez Marmiton TV,https://tv.marmiton.org
Rejoignez Marmitest,https://marmitest.marmiton.org/
Nos livres de cuisine avec,https://www.marmiton.org/dossier-les-livres-de-cuisine-marmiton-avec-les-editions-michel-lafon
Notre électroménager avec,https://www.marmiton.org/dossier-cuisinez-equipe-avec-marmiton-et-livoo
Prix Marmiton 2025,https://www.marmiton.org/prix-marmiton-2025/prix-marmiton-2025-hub-tp204186.html
Le magazine Marmiton,https://www.marmiton.org/none/marmiton-recettes-astuces-et-magazine-culinaire-s4121974.html
Qu'est-ce qu'on mange ce soir ?,https://www.marmiton.org/qu-est-ce-qu-on-mange-ce-soir-sc29.html
Du caddie à l'assiette,https://www.marmiton.org/supermarchs-pouvoir-dachat-sc39.html
À fond le Petit Déj’,https://www.marmiton.org/petit-dej-et-brunch-sc25.html
Tout un fromage,https://www.marmiton.org/dossier-100-fromage
Elle apparaît 30 secondes dans un film… et devient la pizza la plus célèbre du monde,https://www.marmiton.org/tendance/elle-apparait-30-secondes-dans-un-film-et-devient-la-pizza-la-plus-celebre-du-monde-s4124021.html
par Solweig Ely,https://www.marmiton.org/author/28404
"Non, le fromage de chèvre n’est pas à bannir : ce médecin recommande ces 4 références",https://www.marmiton.org/bien-choisir-ses-aliments/non-le-fromage-de-chevre-n-est-pas-a-bannir-ce-medecin-recommande-ces-4-references-s4123925.html
par Fostine Carracillo,https://www.marmiton.org/author/27638
"""J’en ai plein !"" : Cyril Lignac dévoile enfin les plats qu’il prépare avec amour pour sa compagne",https://www.marmiton.org/chefs/j-en-ai-plein-cyril-lignac-devoile-enfin-les-plats-qu-il-prepare-avec-amour-pour-sa-compagne-s4123839.html
par Inès Aitlhaj,https://www.marmiton.org/author/28394
Oubliez les lasagnes bolognaises : cette version montagnarde fait fondre tout le monde cet hiver,https://www.marmiton.org/recettes/oubliez-les-lasagnes-bolognaises-cette-version-montagnarde-fait-fondre-tout-le-monde-cet-hiver-s4123855.html
par Margot Iodice,https://www.marmiton.org/author/27739
Feuilleté au jambon,https://www.marmiton.org/recettes/recette_feuillete-au-jambon_15869.aspx
Pâte à crêpes (des plus raffinées),https://www.marmiton.org/recettes/recette_pate-a-crepes-des-plus-raffinees_49665.aspx
Patates douces crousti-moelleuses rôties au four,https://www.marmiton.org/recettes/recette_patates-douces-crousti-moelleuses-roties-au-four_88382.aspx
Hachis façon Parmentier de maïs à la chilienne (Pastel de choclos),https://www.marmiton.org/recettes/recette_hachis-facon-parmentier-de-mais-a-la-chilienne-pastel-de-choclos_65907.aspx
Quiche tatin,https://www.marmiton.org/recettes/recette_quiche-tatin_14309.aspx
Bricks au thon faciles,https://www.marmiton.org/recettes/recette_bricks-au-thon-faciles_92390.aspx
"Rappel dans les magasins Intermarché suite à une contamination bactérienne, il s’agit de grignottes de poulet",https://www.marmiton.org/focus-ingredient/rappel-dans-les-magasins-intermarche-suite-a-une-contamination-bacterienne-il-s-agit-de-grignottes-de-poulet-s4124391.html
Ce remède de grand-mère perd tous ses bienfaits à cause d’une erreur que 90% des gens font,https://www.marmiton.org/trucs-et-astuces/ce-remede-de-grand-mere-perd-tous-ses-bienfaits-a-cause-d-une-erreur-que-90-des-gens-font-s4124392.html
Quels sont meilleurs robots pâtissiers ?,https://www.marmiton.org/shopping/choisir-son-robot-patissier-les-meilleurs-modeles-s4000192.html
Comparatif des meilleures yaourtières et nos conseils pour la choisir,https://www.marmiton.org/shopping/quelle-est-la-meilleure-yaourtiere-s2923681.html
Le jury n’en revient toujours pas : ces deux Français viennent de remporter le championnat du monde de la pâtisserie,https://www.marmiton.org/chefs/le-jury-n-en-revient-toujours-pas-ces-deux-francais-viennent-de-remporter-le-championnat-du-monde-de-la-patisserie-s4124402.html
"Dans un commentaire, cet utilisateur Marmiton donne une astuce pour éviter que le riz colle, et c’est surprenant !",https://www.marmiton.org/astuces/dans-un-commentaire-cet-utilisateur-marmiton-donne-une-astuce-pour-eviter-que-le-riz-colle-et-c-est-surprenant-s4124259.html
Philippe Etchebest : ses secrets pour une pâte à crêpes parfaite !,https://www.marmiton.org/none/philippe-etchebest-ses-secrets-pour-une-pate-a-crepes-parfaite-s4035476.html
Nos idées de crêpes salées,https://www.marmiton.org/chandeleur/crepes-salees-s3044475.html
Comment conserver ses crêpes ?,https://www.marmiton.org/none/comment-conserver-ses-crepes-s4007836.html
Comment faire des crêpes parfaites sans balance ?,https://www.marmiton.org/trucs-et-astuces/comment-faire-des-crepes-parfaites-sans-balance-s4056594.html
Comment cuire des œufs durs ?,https://www.marmiton.org/cuisine-facile/comment-cuire-les-oeufs-durs-s2998739.html
Comment cuire des oeufs mollets ?,https://www.marmiton.org/cuisine-facile/comment-cuire-des-oeufs-mollets-s3000066.html
"10 idées ultra-simples pour décorer sa galette des rois et obtenir un effet ""wow"" !",https://www.marmiton.org/epiphanie/10-idees-ultra-simples-pour-decorer-sa-galette-des-rois-et-obtenir-un-effet-wow-s4055963.html
Ne ruinez plus votre galette des rois : voici comment la réchauffer comme un pro,https://www.marmiton.org/trucs-et-astuces/comment-rechauffer-la-galette-des-rois-s4034683.html
Apéritifs,https://www.marmiton.org/recettes/index/categorie/aperitif-ou-buffet/
Parmentier de canard aux légumes d’automne,https://www.marmiton.org/recettes/recette_parmentier-de-canard-aux-legumes-d-automne_539143.aspx
"Pâtes crémeuses au chorizo, tomates confites et parmesan",https://www.marmiton.org/recettes/recette_pates-cremeuses-au-chorizo-tomates-confites_539147.aspx
Sauté de dinde à la moutarde et aux châtaignes,https://www.marmiton.org/recettes/recette_saute-de-dinde-a-la-moutarde-et-aux-chataignes_539131.aspx
Brioche roulée à la pistache,https://www.marmiton.org/recettes/recette_brioche-roulee-a-la-pistache_539148.aspx
Peut-on congeler des viennoiseries pour en profiter tout au long de la semaine ?,https://www.marmiton.org/astuces/peut-on-congeler-des-viennoiseries-pour-en-profiter-tout-au-long-de-la-semaine-s4084386.html
Vous avez besoin de seulement 3 ingrédients pour préparer votre granola du petit-déjeuner !,https://www.marmiton.org/recettes/vous-avez-besoin-de-seulement-3-ingredients-pour-preparer-votre-granola-du-petit-dejeuner-s4082724.html
Quelles recettes préparer pour un batch cooking spécial petit-déjeuner ?,https://www.marmiton.org/petit-dejeuner/quelles-recettes-preparer-pour-un-batch-cooking-special-petit-dejeuner-s4084434.html
Nos recettes salées pour le petit-déjeuner,https://www.marmiton.org/recettes/album1368967/recettes-salees-pour-le-petit-dejeuner-0.html
Cake marbré aux pépites de chocolat Nestlé Dessert®,https://www.marmiton.org/recettes/recette_cake-marbre-aux-pepites-de-chocolat_532103.aspx
Cœur coulant pistache chocolat Noir Nestlé Dessert®,https://www.marmiton.org/recettes/recette_coeur-coulant-pistache-chocolat-noir-nestle-dessert_538736.aspx
Cookies aux pépites de chocolat au Lait Nestlé Dessert®,https://www.marmiton.org/recettes/recette_cookies-aux-pepites-de-chocolat-au-lait-nestle-dessert_538717.aspx
Muffins myrtilles et chocolat blanc Nestlé Dessert®,https://www.marmiton.org/recettes/recette_muffins-myrtilles-et-chocolat-blanc-nestle-dessert_536434.aspx
Orange,https://www.marmiton.org/recettes/index/ingredient/orange
Clémentine,https://www.marmiton.org/recettes/index/ingredient/clementine
Mandarine,https://www.marmiton.org/recettes/index/ingredient/mandarine
Pomme,https://www.marmiton.org/recettes/index/ingredient/pomme
Poire,https://www.marmiton.org/recettes/index/ingredient/poire
Betterave,https://www.marmiton.org/recettes/index/ingredient/betterave
Brocoli,https://www.marmiton.org/recettes/index/ingredient/brocoli
Epignards,https://www.marmiton.org/recettes/index/ingredient/epinards
Panais,https://www.marmiton.org/recettes/index/ingredient/panais
Poireau,https://www.marmiton.org/recettes/index/ingredient/poireau
Menu de la semaine,https://www.marmiton.org/recettes/menu-de-la-semaine.aspx
Accras de Butternut,https://www.marmiton.org/recettes/recette_accras-de-butternut_342606.aspx
Trois façons d'accommoder les nouilles chinoises,https://www.marmiton.org/recettes/recette_trois-facons-d-accommoder-les-nouilles-chinoises_33436.aspx
Brioche au Nutella,https://www.marmiton.org/recettes/recette_brioche-au-nutella_313193.aspx
Soupe haricots blancs chorizo,https://www.marmiton.org/recettes/recette_soupe-haricots-blancs-chorizo_33075.aspx
Potée au choux et saucisse de Morteau,https://www.marmiton.org/recettes/recette_potee-au-choux-et-saucisse-de-morteaux_105755.aspx
Crème renversée vite faite,https://www.marmiton.org/recettes/recette_creme-renversee-vite-faite_13451.aspx
Gratin léger d'endives au thon,https://www.marmiton.org/recettes/recette_gratin-leger-d-endives-au-thon_41972.aspx
Papillote de saumon à la mozzarella,https://www.marmiton.org/recettes/recette_papillote-de-saumon-a-la-mozzarella_23382.aspx
"Crumble aux poires, amandes et chocolat",https://www.marmiton.org/recettes/recette_crumble-aux-poires-amandes-et-chocolat_15174.aspx
Toasts mozzarella,https://www.marmiton.org/recettes/recette_toasts-mozzarella_15938.aspx
Waterzooi de poulet à la Blanche de Hoegaarden et au poivre rose,https://www.marmiton.org/recettes/recette_waterzooi-de-poulet-a-la-blanche-de-hoegaarden-et-au-poivre-rose_25610.aspx
Flan coco,https://www.marmiton.org/recettes/recette_flan-coco_16603.aspx
Verrine des Îles (crevettes et mangue),https://www.marmiton.org/recettes/recette_verrine-des-iles-crevettes-et-mangue_66917.aspx
Soupe au chou vert,https://www.marmiton.org/recettes/recette_soupe-au-chou-vert_54188.aspx
Petits choux à la crème pâtissière,https://www.marmiton.org/recettes/recette_petits-choux-a-la-creme-patissiere_20914.aspx
Céleri rémoulade léger et diététique,https://www.marmiton.org/recettes/recette_celeri-remoulade-leger-et-dietetique_336642.aspx
Pot-au-feu des familles,https://www.marmiton.org/recettes/recette_pot-au-feu-des-familles_41125.aspx
Gâteau reine de saba,https://www.marmiton.org/recettes/recette_gateau-reine-de-saba_28239.aspx
Soufflé au comté (sans beurre),https://www.marmiton.org/recettes/recette_souffle-au-comte_26982.aspx
Chou farci végétarien,https://www.marmiton.org/recettes/recette_chou-farci-vegetarien_61856.aspx
Pâte à crêpes au lait de coco,https://www.marmiton.org/recettes/recette_pate-a-crepes-au-lait-de-coco_69226.aspx
Pâte à crêpes,https://www.marmiton.org/recettes/recette_pate-a-crepes_12372.aspx
Moelleux au chocolat,https://www.marmiton.org/recettes/recette_veritable-moelleux-au-chocolat_12825.aspx
Flan pâtissier,https://www.marmiton.org/recettes/recette_flan-patissier-traditionnel_15330.aspx
Tiramisu aux spéculoos,https://www.marmiton.org/recettes/recette_tiramisu-aux-speculoos_36386.aspx
Madeleines,https://www.marmiton.org/recettes/recette_madeleines-faciles_17700.aspx
Pavlova,https://www.marmiton.org/recettes/recette_pavlova_16007.aspx
Camembert rôti au miel,https://www.marmiton.org/recettes/recette_camembert-roti-au-miel_45038.aspx
Filet mignon de porc,https://www.marmiton.org/recettes/recette_filet-mignon-de-porc-a-la-moutarde_36310.aspx
Hachis Parmentier,https://www.marmiton.org/recettes/recette_hachis-parmentier_17639.aspx
Risotto aux champignons,https://www.marmiton.org/recettes/recette_risotto-aux-champignons_312215.aspx
Pizza maison,https://www.marmiton.org/recettes/recette_pizza-maison_313213.aspx
Rôti de bœuf au four,https://www.marmiton.org/recettes/recette_roti-de-boeuf-au-four-tout-simple_342546.aspx
Pavés de saumon au four,https://www.marmiton.org/recettes/recette_paves-de-saumon-au-four-facile_80135.aspx
Riz cantonais,https://www.marmiton.org/recettes/recette_riz-cantonais-facile_27686.aspx
Moussaka,https://www.marmiton.org/recettes/recette_la-vraie-moussaka-grecque_72593.aspx
Falafel,https://www.marmiton.org/recettes/recette_falafel-croquettes-de-pois-chiches_23038.aspx
Œufs mollets,https://www.marmiton.org/recettes/recette_oeufs-mollet-de-ma-grand-mere-facile_197487.aspx
Taboulé,https://www.marmiton.org/recettes/recette_taboule-rapide_93815.aspx
Recettes de saisons,https://www.marmiton.org/cuisine-du-quotidien/album1316818/recettes-des-meilleurs-plats-d-hiver-0.html
Boeuf bourguignon : la vraie recette,https://www.marmiton.org/recettes/recette_boeuf-bourguignon_18889.aspx
Blanquette de veau : recette traditionnelle,https://www.marmiton.org/recettes/recette_blanquette-de-veau-facile_19219.aspx
Tartiflette : la vraie recette,https://www.marmiton.org/recettes/recette_la-vraie-tartiflette_17634.aspx
Lasagnes à la bolognaise,https://www.marmiton.org/recettes/recette_lasagnes-a-la-bolognaise_18215.aspx
Galette des rois à la frangipane,https://www.marmiton.org/recettes/recette_galette-des-rois-a-la-frangipane_20147.aspx
Gaufres faciles et légères,https://www.marmiton.org/recettes/recette_gaufres-faciles-et-legeres_87278.aspx
Gâteau au yaourt facile,https://www.marmiton.org/recettes/recette_gateau-au-yaourt-facile_73370.aspx
On casse la croûte : le livre de recettes Marmiton qui fait croustiller la cuisine du quotidien,https://www.marmiton.org/livres-de-cuisine/on-casse-la-croute-le-livre-qui-fait-croustiller-la-cuisine-du-quotidien-s4123648.html
Vous avez un Airfryer ? Ce livre de recettes va transformer vos plats en véritables bombes de gourmandise,https://www.marmiton.org/livres-de-cuisine/vous-avez-un-airfryer-ce-livre-de-recettes-va-transformer-vos-plats-en-veritables-bombes-de-gourmandise-s4123013.html
En manque d'inspiration pour vos cadeaux de Noël ? Voici 8 livres Marmiton qui vont faire sensation sous le sapin,https://www.marmiton.org/livres-de-cuisine/sous-le-sapin-des-idees-marmiton-qui-font-vraiment-plaisir-s4121772.html
Notre sélection idées-cadeaux gourmands pour Noël 2025,https://www.marmiton.org/none/notre-selection-idees-cadeaux-gourmands-pour-noel-2025-s4121339.html
La rédaction a testé une nouvelle recette du livre-calendrier de l’Avent Marmiton : un strudel salé pour les fêtes !,https://www.marmiton.org/livres-de-cuisine/la-redaction-a-teste-une-nouvelle-recette-du-livre-calendrier-de-l-avent-marmiton-un-strudel-sale-pour-les-fetes-s4121523.html
Offrir le cadeau parfait à Noël cette année : les nouveaux livres de cuisine que tous les food lovers vont adorer !,https://www.marmiton.org/shopping/offrir-le-cadeau-parfait-a-noel-cette-annee-les-nouveaux-livres-de-cuisine-que-tous-les-food-lovers-vont-adorer-s4121576.html
Tarte tatin,https://www.marmiton.org/recettes/recette_tarte-tatin_12456.aspx
Banana bread,https://www.marmiton.org/recettes/recette_cake-a-la-banane-banana-bread-usa_12042.aspx
Butternut au four,https://www.marmiton.org/recettes/recette_courge-butternut-rotie-au-four_335311.aspx
Salade composée,https://www.marmiton.org/recettes/recette_salade-composee-facile_58483.aspx
Glaçage mascarpone,https://www.marmiton.org/recettes/recette_glacage-mascarpone_539540.aspx
Enchiladas poulet,https://www.marmiton.org/recettes/recette_enchiladas-poulet_539537.aspx
Bûche de Noël avec insert croustillant,https://www.marmiton.org/recettes/recette_buche-de-noel-avec-insert-croustillant_539535.aspx
Salade de chou japonais,https://www.marmiton.org/recettes/recette_salade-de-chou-japonais_539534.aspx
Voir les super offres,https://abomagazine.marmiton.org/
recette avec chou blanc,https://www.marmiton.org/recettes/index/ingredient/chou-blanc
recette avec chou rouge,https://www.marmiton.org/recettes/index/ingredient/chou-rouge
recette avec chou fleur,https://www.marmiton.org/recettes/index/ingredient/chou-fleur
recette avec endive,https://www.marmiton.org/recettes/index/ingredient/endive
recette avec carottes,https://www.marmiton.org/recettes/index/ingredient/carotte
recette avec potimarron,https://www.marmiton.org/recettes/index/ingredient/potimarron
recette avec Cookeo,https://www.marmiton.org/recettes/index/ustensile/cookeo
recette avec Thermomix,https://www.marmiton.org/recettes/index/ustensile/thermomix
recette avec Airfryer,https://www.marmiton.org/recettes/index/ustensile/airfryer
recette avec Monsieur Cuisine,https://www.marmiton.org/recettes/index/ustensile/monsieur-cuisine
recette avec Cocotte,https://www.marmiton.org/recettes/index/ustensile/cocotte
recette avec Appareil à raclette,https://www.marmiton.org/recettes/index/ustensile/appareil-a-raclette
Salade de pâtes,https://www.marmiton.org/recettes/recette_salade-de-pates-au-thon_15412.aspx
Houmous,https://www.marmiton.org/recettes/recette_houmous-puree-de-pois-chiches_29761.aspx
Salade de riz,https://www.marmiton.org/recettes/recette_salade-de-riz-d-ete-facile_30334.aspx
Caviar d'aubergine,https://www.marmiton.org/recettes/recette_caviar-d-aubergines_17847.aspx
Ratatouille,https://www.marmiton.org/recettes/recette_ratatouille_23223.aspx
Quiche aux poireaux,https://www.marmiton.org/recettes/recette_quiche-aux-poireaux-et-lardons_87581.aspx
Tendances galettes des rois,https://www.marmiton.org/epiphanie/tendance-galette-des-rois-tp124198.html
Recettes de galettes des rois,https://www.marmiton.org/epiphanie/galette-des-rois-frangipane-tp124195.html
Idées originales de galettes des rois,https://www.marmiton.org/epiphanie/galette-des-rois-originale-tp124196.html
Astuces galettes des rois,https://www.marmiton.org/epiphanie/astuces-galette-des-rois-tp124197.html
Table de conversion,https://www.marmiton.org/pratique/table-conversion.aspx
Mon frigo,https://www.marmiton.org/recettes
Techniques en vidéos,https://www.marmiton.org/recettes/videos-ssc49.html
Participer au forum,https://www.marmiton.org/forum/
FAQ,https://www.marmiton.org/aide/faq-foire-aux-questions-s4005514.html
Contact,https://www.marmiton.org/contact
"Gérer
                    Utiq",https://www.marmiton.org/sp/legal/utiq.html
Mentions légales,https://www.marmiton.org/sp/aide/mentions-legales.html
Recrutement,https://marmiton.welcomekit.co/
"Conditions
                    Générales d'Utilisation",https://www.marmiton.org/sp/aide/conditions-generales-utilisation.html
Politique de confidentialité,https://www.reworldmedia.com/mentions-legales/politique-des-donnees-a-caractere-personnel-et-cookies?utm_source=marmiton.org
"Conditions
                    Générales d'Abonnement",https://www.marmiton.org/sp/legal/conditions_generales_abonnement.html
Foire aux questions - Vos choix sur l'utilisation de cookies,https://www.marmiton.org/sp/aide/faq-protection-des-donnees-personnelles.html#NotDisplayCmp
1001cocktails.com,https://www.1001cocktails.com
Sans titre,https://www.facebook.com/marmiton
Sans titre,https://www.instagram.com/marmiton_org/
Sans titre,https://www.pinterest.fr/marmiton/
Sans titre,https://www.tiktok.com/@marmiton_org
Sans titre,https://www.youtube.com/user/marmitonofficiel
